email,preferred_name,previous_experience,confidence,pref_less_comfortable,pref_fast_pace,pref_retake,pref_plus_12
student1@umich.edu,Name1,1,1,TRUE,TRUE,FALSE,FALSE
student2@umich.edu,Name2,2,3,FALSE,TRUE,FALSE,FALSE
student3@umich.edu,Name3,1,1,TRUE,FALSE,FALSE,FALSE
student4@umich.edu,Name4,2,3,TRUE,TRUE,FALSE,FALSE
student5@umich.edu,Name5,2,3,FALSE,TRUE,FALSE,FALSE
student6@umich.edu,Name6,5,4,FALSE,TRUE,FALSE,FALSE
student7@umich.edu,Name7,4,4,FALSE,TRUE,FALSE,FALSE
student8@umich.edu,Name8,3,3,FALSE,FALSE,FALSE,FALSE
student9@umich.edu,Name9,3,4,FALSE,TRUE,FALSE,FALSE
student10@umich.edu,Name10,4,2,FALSE,TRUE,TRUE,FALSE
student11@umich.edu,Name11,2,2,FALSE,FALSE,FALSE,FALSE
student12@umich.edu,Name12,4,4,FALSE,FALSE,FALSE,FALSE
student13@umich.edu,Name13,5,5,FALSE,TRUE,FALSE,FALSE
student14@umich.edu,Name14,3,4,FALSE,TRUE,FALSE,FALSE
student15@umich.edu,Name15,2,4,FALSE,TRUE,FALSE,FALSE
student16@umich.edu,Name16,1,3,FALSE,FALSE,TRUE,FALSE
student17@umich.edu,Name17,5,5,FALSE,TRUE,FALSE,FALSE
student18@umich.edu,Name18,1,3,FALSE,TRUE,FALSE,FALSE
student19@umich.edu,Name19,2,3,FALSE,FALSE,FALSE,FALSE
student20@umich.edu,Name20,3,3,FALSE,FALSE,FALSE,FALSE
student21@umich.edu,Name21,3,3,FALSE,TRUE,FALSE,FALSE
student22@umich.edu,Name22,3,3,TRUE,TRUE,FALSE,FALSE
student23@umich.edu,Name23,1,3,TRUE,FALSE,FALSE,FALSE
student24@umich.edu,Name24,1,2,TRUE,FALSE,FALSE,FALSE
student25@umich.edu,Name25,3,3,FALSE,FALSE,FALSE,FALSE
student26@umich.edu,Name26,3,4,FALSE,TRUE,FALSE,FALSE
student27@umich.edu,Name27,3,3,TRUE,FALSE,FALSE,FALSE
student28@umich.edu,Name28,2,3,FALSE,TRUE,FALSE,FALSE
student29@umich.edu,Name29,2,5,FALSE,TRUE,FALSE,FALSE
student30@umich.edu,Name30,5,5,FALSE,TRUE,FALSE,FALSE
student31@umich.edu,Name31,1,3,FALSE,TRUE,FALSE,FALSE
student32@umich.edu,Name32,4,4,FALSE,TRUE,FALSE,FALSE
student33@umich.edu,Name33,2,3,FALSE,TRUE,TRUE,FALSE
student34@umich.edu,Name34,3,3,FALSE,TRUE,FALSE,FALSE
student35@umich.edu,Name35,4,3,FALSE,TRUE,FALSE,FALSE
student36@umich.edu,Name36,1,3,TRUE,FALSE,FALSE,FALSE
student37@umich.edu,Name37,5,4,FALSE,TRUE,FALSE,FALSE
student38@umich.edu,Name38,2,2,FALSE,TRUE,FALSE,FALSE
student39@umich.edu,Name39,3,3,FALSE,FALSE,FALSE,FALSE
student40@umich.edu,Name40,2,2,TRUE,FALSE,FALSE,FALSE
student41@umich.edu,Name41,3,3,FALSE,TRUE,FALSE,FALSE
student42@umich.edu,Name42,1,1,TRUE,TRUE,FALSE,FALSE
student43@umich.edu,Name43,4,4,TRUE,TRUE,TRUE,FALSE
student44@umich.edu,Name44,1,5,FALSE,TRUE,FALSE,FALSE
student45@umich.edu,Name45,2,3,TRUE,FALSE,FALSE,FALSE
student46@umich.edu,Name46,3,4,FALSE,TRUE,FALSE,FALSE
student47@umich.edu,Name47,1,2,TRUE,FALSE,FALSE,FALSE
student48@umich.edu,Name48,2,5,TRUE,TRUE,FALSE,FALSE
student49@umich.edu,Name49,3,3,FALSE,FALSE,FALSE,FALSE
student50@umich.edu,Name50,3,3,FALSE,TRUE,FALSE,FALSE
student51@umich.edu,Name51,4,3,FALSE,TRUE,FALSE,FALSE
student52@umich.edu,Name52,5,5,FALSE,FALSE,FALSE,FALSE
student53@umich.edu,Name53,3,4,FALSE,TRUE,FALSE,FALSE
student54@umich.edu,Name54,2,3,FALSE,TRUE,FALSE,FALSE
student55@umich.edu,Name55,4,5,FALSE,TRUE,FALSE,FALSE
student56@umich.edu,Name56,2,3,FALSE,FALSE,FALSE,FALSE
student57@umich.edu,Name57,1,3,FALSE,FALSE,FALSE,FALSE
student58@umich.edu,Name58,2,3,FALSE,TRUE,FALSE,FALSE
student59@umich.edu,Name59,2,4,FALSE,TRUE,FALSE,FALSE
student60@umich.edu,Name60,4,4,FALSE,TRUE,FALSE,FALSE
student61@umich.edu,Name61,1,5,TRUE,FALSE,FALSE,FALSE
student62@umich.edu,Name62,3,3,FALSE,TRUE,FALSE,FALSE
student63@umich.edu,Name63,3,3,TRUE,FALSE,FALSE,FALSE
student64@umich.edu,Name64,4,4,FALSE,TRUE,FALSE,FALSE
student65@umich.edu,Name65,5,5,FALSE,TRUE,FALSE,FALSE
student66@umich.edu,Name66,2,2,TRUE,FALSE,FALSE,FALSE
student67@umich.edu,Name67,1,4,FALSE,TRUE,FALSE,FALSE
student68@umich.edu,Name68,3,4,FALSE,TRUE,FALSE,FALSE
student69@umich.edu,Name69,3,3,FALSE,TRUE,FALSE,FALSE
student70@umich.edu,Name70,5,4,FALSE,TRUE,FALSE,FALSE
student71@umich.edu,Name71,4,4,FALSE,TRUE,FALSE,FALSE
student72@umich.edu,Name72,3,3,FALSE,TRUE,FALSE,FALSE
student73@umich.edu,Name73,1,2,FALSE,TRUE,FALSE,FALSE
student74@umich.edu,Name74,2,2,FALSE,TRUE,FALSE,FALSE
student75@umich.edu,Name75,1,3,FALSE,TRUE,FALSE,FALSE
student76@umich.edu,Name76,3,3,FALSE,FALSE,FALSE,FALSE
student77@umich.edu,Name77,1,2,FALSE,FALSE,FALSE,FALSE
student78@umich.edu,Name78,2,3,FALSE,FALSE,FALSE,FALSE
student79@umich.edu,Name79,5,4,FALSE,TRUE,FALSE,FALSE
student80@umich.edu,Name80,1,2,FALSE,TRUE,FALSE,FALSE
student81@umich.edu,Name81,3,4,FALSE,TRUE,FALSE,FALSE
student82@umich.edu,Name82,3,3,TRUE,FALSE,TRUE,FALSE
student83@umich.edu,Name83,4,2,FALSE,TRUE,FALSE,FALSE
student84@umich.edu,Name84,1,3,FALSE,FALSE,FALSE,FALSE
student85@umich.edu,Name85,4,3,TRUE,TRUE,FALSE,FALSE
student86@umich.edu,Name86,3,4,FALSE,TRUE,FALSE,FALSE
student87@umich.edu,Name87,1,2,FALSE,FALSE,TRUE,FALSE
student88@umich.edu,Name88,4,2,FALSE,FALSE,FALSE,FALSE
student89@umich.edu,Name89,5,5,FALSE,TRUE,FALSE,FALSE
student90@umich.edu,Name90,4,4,FALSE,FALSE,FALSE,FALSE
student91@umich.edu,Name91,3,3,TRUE,TRUE,FALSE,FALSE
student92@umich.edu,Name92,5,3,FALSE,FALSE,FALSE,FALSE
student93@umich.edu,Name93,4,4,FALSE,TRUE,FALSE,FALSE
student94@umich.edu,Name94,2,2,FALSE,TRUE,FALSE,FALSE
student95@umich.edu,Name95,3,3,FALSE,TRUE,FALSE,FALSE
student96@umich.edu,Name96,5,5,FALSE,TRUE,FALSE,FALSE
student97@umich.edu,Name97,2,3,FALSE,TRUE,FALSE,FALSE
student98@umich.edu,Name98,2,3,FALSE,FALSE,FALSE,FALSE
student99@umich.edu,Name99,3,3,TRUE,FALSE,FALSE,FALSE
student100@umich.edu,Name100,3,4,FALSE,TRUE,FALSE,FALSE
student101@umich.edu,Name101,3,2,FALSE,FALSE,FALSE,FALSE
student102@umich.edu,Name102,4,5,FALSE,TRUE,FALSE,FALSE
student103@umich.edu,Name103,4,3,FALSE,TRUE,FALSE,FALSE
student104@umich.edu,Name104,3,3,FALSE,TRUE,FALSE,FALSE
student105@umich.edu,Name105,4,3,FALSE,TRUE,FALSE,FALSE
student106@umich.edu,Name106,1,4,FALSE,TRUE,FALSE,FALSE
student107@umich.edu,Name107,3,4,FALSE,TRUE,FALSE,FALSE
student108@umich.edu,Name108,4,3,FALSE,TRUE,FALSE,FALSE
student109@umich.edu,Name109,3,3,FALSE,TRUE,FALSE,FALSE
student110@umich.edu,Name110,3,2,FALSE,FALSE,FALSE,FALSE
student111@umich.edu,Name111,4,4,TRUE,TRUE,TRUE,FALSE
student112@umich.edu,Name112,4,4,FALSE,TRUE,FALSE,FALSE
student113@umich.edu,Name113,4,3,TRUE,TRUE,FALSE,FALSE
student114@umich.edu,Name114,1,2,FALSE,FALSE,FALSE,FALSE
student115@umich.edu,Name115,3,3,FALSE,TRUE,FALSE,FALSE
student116@umich.edu,Name116,2,4,FALSE,FALSE,FALSE,FALSE
student117@umich.edu,Name117,1,3,TRUE,TRUE,FALSE,FALSE
student118@umich.edu,Name118,3,3,FALSE,FALSE,FALSE,FALSE
student119@umich.edu,Name119,3,3,TRUE,FALSE,FALSE,FALSE
student120@umich.edu,Name120,3,3,FALSE,TRUE,FALSE,FALSE
student121@umich.edu,Name121,4,4,FALSE,TRUE,FALSE,FALSE
student122@umich.edu,Name122,1,4,FALSE,FALSE,FALSE,FALSE
student123@umich.edu,Name123,1,2,FALSE,FALSE,TRUE,FALSE
student124@umich.edu,Name124,1,4,FALSE,FALSE,FALSE,FALSE
student125@umich.edu,Name125,4,3,FALSE,TRUE,TRUE,FALSE
student126@umich.edu,Name126,3,4,FALSE,TRUE,TRUE,FALSE
student127@umich.edu,Name127,1,2,FALSE,FALSE,FALSE,FALSE
student128@umich.edu,Name128,1,3,FALSE,FALSE,FALSE,FALSE
student129@umich.edu,Name129,1,2,TRUE,FALSE,TRUE,FALSE
student130@umich.edu,Name130,5,4,TRUE,TRUE,FALSE,FALSE
student131@umich.edu,Name131,2,3,TRUE,FALSE,FALSE,FALSE
student132@umich.edu,Name132,4,3,FALSE,TRUE,FALSE,FALSE
student133@umich.edu,Name133,3,3,FALSE,TRUE,FALSE,FALSE
student134@umich.edu,Name134,2,3,TRUE,FALSE,FALSE,FALSE
student135@umich.edu,Name135,4,4,FALSE,TRUE,FALSE,FALSE
student136@umich.edu,Name136,4,4,FALSE,TRUE,FALSE,FALSE
student137@umich.edu,Name137,3,4,FALSE,TRUE,FALSE,FALSE
student138@umich.edu,Name138,3,4,FALSE,TRUE,FALSE,FALSE
student139@umich.edu,Name139,3,4,FALSE,FALSE,FALSE,FALSE
student140@umich.edu,Name140,3,3,FALSE,TRUE,FALSE,FALSE
student141@umich.edu,Name141,1,2,FALSE,FALSE,TRUE,FALSE
student142@umich.edu,Name142,2,1,FALSE,FALSE,FALSE,FALSE
student143@umich.edu,Name143,5,4,FALSE,TRUE,FALSE,FALSE
student144@umich.edu,Name144,1,1,TRUE,FALSE,FALSE,FALSE
student145@umich.edu,Name145,4,4,FALSE,FALSE,FALSE,FALSE
student146@umich.edu,Name146,4,4,FALSE,FALSE,FALSE,FALSE
student147@umich.edu,Name147,3,3,FALSE,TRUE,FALSE,FALSE
student148@umich.edu,Name148,4,4,TRUE,FALSE,FALSE,FALSE
student149@umich.edu,Name149,5,3,FALSE,TRUE,FALSE,FALSE
student150@umich.edu,Name150,5,4,FALSE,TRUE,FALSE,FALSE
student151@umich.edu,Name151,5,5,FALSE,TRUE,FALSE,FALSE
student152@umich.edu,Name152,2,3,FALSE,FALSE,FALSE,FALSE
student153@umich.edu,Name153,4,3,FALSE,FALSE,FALSE,FALSE
student154@umich.edu,Name154,4,4,FALSE,TRUE,FALSE,FALSE
student155@umich.edu,Name155,4,2,FALSE,FALSE,FALSE,FALSE
student156@umich.edu,Name156,1,2,FALSE,FALSE,FALSE,FALSE
student157@umich.edu,Name157,2,3,FALSE,TRUE,FALSE,FALSE
student158@umich.edu,Name158,4,4,FALSE,TRUE,TRUE,FALSE
student159@umich.edu,Name159,4,4,FALSE,TRUE,FALSE,FALSE
student160@umich.edu,Name160,3,3,FALSE,FALSE,FALSE,FALSE
student161@umich.edu,Name161,1,2,FALSE,FALSE,TRUE,FALSE
student162@umich.edu,Name162,4,3,TRUE,FALSE,FALSE,FALSE
student163@umich.edu,Name163,2,4,FALSE,FALSE,FALSE,FALSE
student164@umich.edu,Name164,3,3,FALSE,TRUE,FALSE,FALSE
student165@umich.edu,Name165,2,2,FALSE,FALSE,FALSE,FALSE
student166@umich.edu,Name166,3,4,FALSE,TRUE,FALSE,FALSE
student167@umich.edu,Name167,1,2,TRUE,FALSE,FALSE,FALSE
student168@umich.edu,Name168,2,3,TRUE,FALSE,FALSE,FALSE
student169@umich.edu,Name169,4,4,FALSE,TRUE,FALSE,FALSE
student170@umich.edu,Name170,1,3,TRUE,TRUE,TRUE,FALSE
student171@umich.edu,Name171,1,3,TRUE,FALSE,FALSE,FALSE
student172@umich.edu,Name172,1,3,TRUE,FALSE,FALSE,FALSE
student173@umich.edu,Name173,3,1,FALSE,FALSE,FALSE,FALSE
student174@umich.edu,Name174,3,2,FALSE,TRUE,FALSE,FALSE
student175@umich.edu,Name175,3,3,TRUE,FALSE,FALSE,FALSE
student176@umich.edu,Name176,3,3,FALSE,TRUE,TRUE,FALSE
student177@umich.edu,Name177,3,2,TRUE,TRUE,FALSE,FALSE
student178@umich.edu,Name178,4,5,TRUE,TRUE,TRUE,FALSE
student179@umich.edu,Name179,3,3,FALSE,TRUE,FALSE,FALSE
student180@umich.edu,Name180,3,4,FALSE,FALSE,FALSE,FALSE
student181@umich.edu,Name181,4,3,TRUE,FALSE,TRUE,FALSE
student182@umich.edu,Name182,2,3,FALSE,FALSE,FALSE,FALSE
student183@umich.edu,Name183,1,3,FALSE,FALSE,FALSE,FALSE
student184@umich.edu,Name184,1,3,TRUE,FALSE,FALSE,FALSE
student185@umich.edu,Name185,1,3,FALSE,TRUE,FALSE,FALSE
student186@umich.edu,Name186,1,2,FALSE,FALSE,FALSE,FALSE
student187@umich.edu,Name187,3,4,FALSE,TRUE,TRUE,FALSE
student188@umich.edu,Name188,3,3,FALSE,FALSE,FALSE,FALSE
student189@umich.edu,Name189,3,3,FALSE,TRUE,FALSE,FALSE
student190@umich.edu,Name190,3,2,TRUE,FALSE,FALSE,FALSE
student191@umich.edu,Name191,2,3,FALSE,FALSE,FALSE,FALSE
student192@umich.edu,Name192,3,3,TRUE,TRUE,FALSE,FALSE
student193@umich.edu,Name193,4,4,FALSE,TRUE,FALSE,FALSE
student194@umich.edu,Name194,4,3,FALSE,FALSE,FALSE,FALSE
student195@umich.edu,Name195,3,4,FALSE,FALSE,FALSE,FALSE
student196@umich.edu,Name196,3,3,FALSE,TRUE,FALSE,FALSE
student197@umich.edu,Name197,1,3,FALSE,FALSE,FALSE,FALSE
student198@umich.edu,Name198,3,3,FALSE,FALSE,TRUE,FALSE
student199@umich.edu,Name199,4,3,FALSE,TRUE,FALSE,FALSE
student200@umich.edu,Name200,3,3,FALSE,TRUE,FALSE,FALSE
student201@umich.edu,Name201,3,3,FALSE,TRUE,FALSE,FALSE
student202@umich.edu,Name202,1,3,TRUE,TRUE,FALSE,FALSE
student203@umich.edu,Name203,3,4,FALSE,TRUE,FALSE,FALSE
student204@umich.edu,Name204,2,3,FALSE,FALSE,FALSE,FALSE
student205@umich.edu,Name205,1,5,FALSE,TRUE,FALSE,FALSE
student206@umich.edu,Name206,2,4,FALSE,TRUE,FALSE,FALSE
student207@umich.edu,Name207,1,3,TRUE,FALSE,FALSE,FALSE
student208@umich.edu,Name208,4,3,FALSE,TRUE,FALSE,FALSE
student209@umich.edu,Name209,3,2,TRUE,TRUE,FALSE,FALSE
student210@umich.edu,Name210,4,3,FALSE,FALSE,FALSE,FALSE
student211@umich.edu,Name211,3,3,FALSE,TRUE,FALSE,FALSE
student212@umich.edu,Name212,1,3,TRUE,FALSE,FALSE,FALSE
student213@umich.edu,Name213,3,3,TRUE,TRUE,TRUE,FALSE
student214@umich.edu,Name214,3,3,TRUE,TRUE,FALSE,FALSE
student215@umich.edu,Name215,4,3,FALSE,TRUE,FALSE,FALSE
student216@umich.edu,Name216,1,3,FALSE,FALSE,FALSE,FALSE
student217@umich.edu,Name217,3,3,FALSE,TRUE,FALSE,FALSE
student218@umich.edu,Name218,5,5,FALSE,TRUE,FALSE,FALSE
student219@umich.edu,Name219,3,4,FALSE,FALSE,FALSE,FALSE
student220@umich.edu,Name220,1,3,FALSE,FALSE,FALSE,FALSE
student221@umich.edu,Name221,2,4,FALSE,FALSE,FALSE,FALSE
student222@umich.edu,Name222,1,3,FALSE,FALSE,FALSE,FALSE
student223@umich.edu,Name223,4,4,FALSE,TRUE,FALSE,FALSE
student224@umich.edu,Name224,3,3,TRUE,FALSE,FALSE,FALSE
student225@umich.edu,Name225,2,3,FALSE,FALSE,FALSE,FALSE
student226@umich.edu,Name226,1,1,TRUE,TRUE,TRUE,FALSE
student227@umich.edu,Name227,2,3,TRUE,FALSE,FALSE,FALSE
student228@umich.edu,Name228,4,2,FALSE,FALSE,FALSE,FALSE
student229@umich.edu,Name229,1,1,FALSE,TRUE,FALSE,FALSE
student230@umich.edu,Name230,3,2,FALSE,FALSE,FALSE,FALSE
student231@umich.edu,Name231,1,4,TRUE,TRUE,FALSE,FALSE
student232@umich.edu,Name232,3,3,FALSE,TRUE,FALSE,FALSE
student233@umich.edu,Name233,2,3,FALSE,TRUE,FALSE,FALSE
student234@umich.edu,Name234,1,3,TRUE,TRUE,TRUE,FALSE
student235@umich.edu,Name235,1,5,FALSE,TRUE,FALSE,FALSE
student236@umich.edu,Name236,1,3,FALSE,FALSE,FALSE,FALSE
student237@umich.edu,Name237,3,3,FALSE,TRUE,FALSE,FALSE
student238@umich.edu,Name238,4,3,FALSE,TRUE,FALSE,FALSE
student239@umich.edu,Name239,3,3,FALSE,TRUE,TRUE,FALSE
student240@umich.edu,Name240,4,4,FALSE,TRUE,FALSE,FALSE
student241@umich.edu,Name241,2,2,FALSE,TRUE,TRUE,FALSE
student242@umich.edu,Name242,1,1,TRUE,FALSE,FALSE,FALSE
student243@umich.edu,Name243,2,4,FALSE,FALSE,FALSE,FALSE
student244@umich.edu,Name244,3,3,FALSE,FALSE,FALSE,FALSE
student245@umich.edu,Name245,1,3,FALSE,TRUE,FALSE,FALSE
student246@umich.edu,Name246,3,3,TRUE,FALSE,FALSE,FALSE
student247@umich.edu,Name247,1,2,FALSE,FALSE,FALSE,FALSE
student248@umich.edu,Name248,3,3,FALSE,FALSE,FALSE,FALSE
student249@umich.edu,Name249,3,4,FALSE,TRUE,TRUE,FALSE
student250@umich.edu,Name250,1,4,FALSE,TRUE,FALSE,FALSE
student251@umich.edu,Name251,1,2,FALSE,FALSE,TRUE,FALSE
student252@umich.edu,Name252,2,2,FALSE,FALSE,FALSE,FALSE
student253@umich.edu,Name253,4,4,TRUE,TRUE,FALSE,FALSE
student254@umich.edu,Name254,3,4,FALSE,TRUE,FALSE,FALSE
student255@umich.edu,Name255,1,2,FALSE,FALSE,TRUE,FALSE
student256@umich.edu,Name256,5,5,FALSE,TRUE,FALSE,FALSE
student257@umich.edu,Name257,3,3,FALSE,TRUE,FALSE,FALSE
student258@umich.edu,Name258,3,2,FALSE,TRUE,FALSE,FALSE
student259@umich.edu,Name259,5,5,FALSE,TRUE,FALSE,FALSE
student260@umich.edu,Name260,1,2,FALSE,FALSE,FALSE,FALSE
student261@umich.edu,Name261,4,3,FALSE,TRUE,FALSE,FALSE
student262@umich.edu,Name262,2,3,FALSE,TRUE,FALSE,FALSE
student263@umich.edu,Name263,3,4,FALSE,TRUE,FALSE,FALSE
student264@umich.edu,Name264,3,4,FALSE,FALSE,FALSE,FALSE
student265@umich.edu,Name265,4,5,FALSE,TRUE,FALSE,FALSE
student266@umich.edu,Name266,5,5,FALSE,TRUE,FALSE,FALSE
student267@umich.edu,Name267,2,3,FALSE,TRUE,FALSE,FALSE
student268@umich.edu,Name268,1,3,FALSE,TRUE,FALSE,FALSE
student269@umich.edu,Name269,1,3,TRUE,FALSE,FALSE,FALSE
student270@umich.edu,Name270,1,3,FALSE,TRUE,FALSE,FALSE
student271@umich.edu,Name271,3,3,FALSE,FALSE,FALSE,FALSE
student272@umich.edu,Name272,2,5,TRUE,FALSE,FALSE,FALSE
student273@umich.edu,Name273,2,2,FALSE,FALSE,TRUE,FALSE
student274@umich.edu,Name274,3,3,TRUE,FALSE,FALSE,FALSE
student275@umich.edu,Name275,3,3,TRUE,TRUE,FALSE,FALSE
student276@umich.edu,Name276,4,2,FALSE,TRUE,FALSE,FALSE
student277@umich.edu,Name277,4,4,FALSE,FALSE,FALSE,FALSE
student278@umich.edu,Name278,2,3,FALSE,TRUE,FALSE,FALSE
student279@umich.edu,Name279,3,3,FALSE,FALSE,FALSE,FALSE
student280@umich.edu,Name280,2,2,FALSE,FALSE,FALSE,FALSE
student281@umich.edu,Name281,3,5,FALSE,TRUE,FALSE,FALSE
student282@umich.edu,Name282,2,3,FALSE,TRUE,FALSE,FALSE
student283@umich.edu,Name283,2,2,FALSE,FALSE,FALSE,FALSE
student284@umich.edu,Name284,2,3,FALSE,FALSE,FALSE,FALSE
student285@umich.edu,Name285,4,4,FALSE,TRUE,FALSE,FALSE
student286@umich.edu,Name286,5,5,FALSE,TRUE,FALSE,FALSE
student287@umich.edu,Name287,2,4,FALSE,FALSE,FALSE,FALSE
student288@umich.edu,Name288,3,4,FALSE,FALSE,FALSE,FALSE
student289@umich.edu,Name289,3,3,TRUE,TRUE,FALSE,FALSE
student290@umich.edu,Name290,2,3,FALSE,FALSE,FALSE,FALSE
student291@umich.edu,Name291,1,3,FALSE,FALSE,FALSE,FALSE
student292@umich.edu,Name292,4,1,TRUE,FALSE,TRUE,FALSE
student293@umich.edu,Name293,1,2,FALSE,TRUE,FALSE,FALSE
student294@umich.edu,Name294,2,3,TRUE,FALSE,FALSE,FALSE
student295@umich.edu,Name295,2,3,FALSE,FALSE,FALSE,FALSE
student296@umich.edu,Name296,1,3,FALSE,TRUE,FALSE,FALSE
student297@umich.edu,Name297,3,3,FALSE,FALSE,FALSE,FALSE
student298@umich.edu,Name298,1,2,FALSE,FALSE,FALSE,FALSE
student299@umich.edu,Name299,4,4,FALSE,TRUE,FALSE,FALSE
student300@umich.edu,Name300,1,2,FALSE,FALSE,FALSE,FALSE
student301@umich.edu,Name301,5,4,FALSE,TRUE,FALSE,FALSE
student302@umich.edu,Name302,4,4,FALSE,TRUE,FALSE,FALSE
student303@umich.edu,Name303,3,4,FALSE,TRUE,FALSE,FALSE
student304@umich.edu,Name304,1,4,FALSE,TRUE,TRUE,FALSE
student305@umich.edu,Name305,3,2,FALSE,TRUE,FALSE,FALSE
student306@umich.edu,Name306,3,4,FALSE,TRUE,FALSE,FALSE
student307@umich.edu,Name307,2,3,FALSE,TRUE,TRUE,FALSE
student308@umich.edu,Name308,3,4,FALSE,TRUE,FALSE,FALSE
student309@umich.edu,Name309,2,3,FALSE,FALSE,FALSE,FALSE
student310@umich.edu,Name310,3,3,FALSE,TRUE,FALSE,FALSE
student311@umich.edu,Name311,4,4,FALSE,FALSE,FALSE,FALSE
student312@umich.edu,Name312,1,3,FALSE,TRUE,FALSE,FALSE
student313@umich.edu,Name313,3,3,FALSE,FALSE,FALSE,FALSE
student314@umich.edu,Name314,1,3,FALSE,FALSE,FALSE,FALSE
student315@umich.edu,Name315,3,3,TRUE,TRUE,TRUE,FALSE
student316@umich.edu,Name316,1,2,FALSE,FALSE,TRUE,FALSE
student317@umich.edu,Name317,2,2,TRUE,TRUE,FALSE,FALSE
student318@umich.edu,Name318,1,2,FALSE,FALSE,FALSE,FALSE
student319@umich.edu,Name319,5,4,FALSE,TRUE,TRUE,FALSE
student320@umich.edu,Name320,2,4,FALSE,FALSE,FALSE,FALSE
student321@umich.edu,Name321,1,3,TRUE,FALSE,FALSE,FALSE
student322@umich.edu,Name322,4,4,TRUE,FALSE,FALSE,FALSE
student323@umich.edu,Name323,2,3,TRUE,FALSE,TRUE,FALSE
student324@umich.edu,Name324,2,2,TRUE,FALSE,TRUE,FALSE
student325@umich.edu,Name325,1,2,TRUE,FALSE,FALSE,FALSE
student326@umich.edu,Name326,3,3,FALSE,FALSE,FALSE,FALSE
student327@umich.edu,Name327,2,2,FALSE,TRUE,FALSE,FALSE
student328@umich.edu,Name328,5,5,FALSE,TRUE,FALSE,FALSE
student329@umich.edu,Name329,4,5,FALSE,TRUE,FALSE,FALSE
student330@umich.edu,Name330,3,4,TRUE,FALSE,TRUE,FALSE
student331@umich.edu,Name331,1,1,TRUE,FALSE,FALSE,FALSE
student332@umich.edu,Name332,1,3,FALSE,FALSE,FALSE,FALSE
student333@umich.edu,Name333,3,2,FALSE,TRUE,TRUE,FALSE
student334@umich.edu,Name334,1,4,TRUE,TRUE,FALSE,FALSE
student335@umich.edu,Name335,3,3,FALSE,FALSE,FALSE,FALSE
student336@umich.edu,Name336,4,4,TRUE,TRUE,FALSE,FALSE
student337@umich.edu,Name337,1,3,TRUE,TRUE,FALSE,FALSE
student338@umich.edu,Name338,5,4,FALSE,TRUE,FALSE,FALSE
student339@umich.edu,Name339,3,5,FALSE,TRUE,FALSE,FALSE
student340@umich.edu,Name340,1,3,TRUE,FALSE,TRUE,FALSE
student341@umich.edu,Name341,2,3,TRUE,TRUE,FALSE,FALSE
student342@umich.edu,Name342,5,4,FALSE,FALSE,FALSE,FALSE
student343@umich.edu,Name343,2,3,TRUE,FALSE,FALSE,FALSE
student344@umich.edu,Name344,1,3,TRUE,FALSE,FALSE,FALSE
student345@umich.edu,Name345,3,3,FALSE,FALSE,FALSE,FALSE
student346@umich.edu,Name346,3,3,FALSE,FALSE,FALSE,FALSE
student347@umich.edu,Name347,4,5,FALSE,TRUE,FALSE,FALSE
student348@umich.edu,Name348,3,3,FALSE,TRUE,FALSE,FALSE
student349@umich.edu,Name349,3,3,TRUE,TRUE,FALSE,FALSE
student350@umich.edu,Name350,4,3,FALSE,TRUE,FALSE,FALSE
student351@umich.edu,Name351,3,4,FALSE,TRUE,FALSE,FALSE
student352@umich.edu,Name352,3,3,TRUE,FALSE,FALSE,FALSE
student353@umich.edu,Name353,3,1,FALSE,TRUE,FALSE,FALSE
student354@umich.edu,Name354,1,4,TRUE,TRUE,FALSE,FALSE
student355@umich.edu,Name355,3,3,TRUE,TRUE,FALSE,FALSE
student356@umich.edu,Name356,4,3,FALSE,TRUE,FALSE,FALSE
student357@umich.edu,Name357,4,5,TRUE,TRUE,FALSE,FALSE
student358@umich.edu,Name358,1,3,FALSE,FALSE,FALSE,FALSE
student359@umich.edu,Name359,4,5,FALSE,TRUE,FALSE,FALSE
student360@umich.edu,Name360,2,4,FALSE,TRUE,FALSE,FALSE
student361@umich.edu,Name361,5,5,FALSE,TRUE,FALSE,FALSE
student362@umich.edu,Name362,3,2,FALSE,TRUE,FALSE,FALSE
student363@umich.edu,Name363,2,3,FALSE,TRUE,FALSE,FALSE
student364@umich.edu,Name364,3,4,FALSE,FALSE,FALSE,FALSE
student365@umich.edu,Name365,1,3,FALSE,TRUE,FALSE,FALSE
student366@umich.edu,Name366,2,2,FALSE,TRUE,FALSE,FALSE
student367@umich.edu,Name367,5,4,FALSE,TRUE,FALSE,FALSE
student368@umich.edu,Name368,4,4,FALSE,TRUE,FALSE,FALSE
student369@umich.edu,Name369,1,3,FALSE,FALSE,FALSE,FALSE
student370@umich.edu,Name370,3,3,FALSE,TRUE,FALSE,FALSE
student371@umich.edu,Name371,5,4,FALSE,TRUE,TRUE,FALSE
student372@umich.edu,Name372,4,4,FALSE,TRUE,FALSE,FALSE
student373@umich.edu,Name373,3,2,FALSE,FALSE,FALSE,FALSE
student374@umich.edu,Name374,3,4,TRUE,TRUE,TRUE,FALSE
student375@umich.edu,Name375,4,4,FALSE,FALSE,FALSE,FALSE
student376@umich.edu,Name376,3,3,FALSE,TRUE,FALSE,FALSE
student377@umich.edu,Name377,4,3,FALSE,TRUE,TRUE,FALSE
student378@umich.edu,Name378,3,3,FALSE,TRUE,FALSE,FALSE
student379@umich.edu,Name379,3,3,TRUE,FALSE,FALSE,FALSE
student380@umich.edu,Name380,3,2,TRUE,TRUE,FALSE,FALSE
student381@umich.edu,Name381,2,3,FALSE,FALSE,FALSE,FALSE
student382@umich.edu,Name382,2,1,TRUE,FALSE,FALSE,FALSE
student383@umich.edu,Name383,2,2,TRUE,FALSE,FALSE,FALSE
student384@umich.edu,Name384,2,3,FALSE,TRUE,FALSE,FALSE
student385@umich.edu,Name385,3,5,FALSE,TRUE,FALSE,FALSE
student386@umich.edu,Name386,2,4,FALSE,FALSE,FALSE,FALSE
student387@umich.edu,Name387,3,3,TRUE,FALSE,FALSE,FALSE
student388@umich.edu,Name388,4,4,FALSE,TRUE,FALSE,FALSE
student389@umich.edu,Name389,4,4,FALSE,TRUE,FALSE,FALSE
student390@umich.edu,Name390,2,2,FALSE,TRUE,FALSE,FALSE
student391@umich.edu,Name391,2,2,FALSE,FALSE,FALSE,FALSE
student392@umich.edu,Name392,2,3,TRUE,TRUE,FALSE,FALSE
student393@umich.edu,Name393,1,2,TRUE,FALSE,TRUE,FALSE
student394@umich.edu,Name394,4,3,FALSE,FALSE,FALSE,FALSE
student395@umich.edu,Name395,3,2,TRUE,FALSE,FALSE,FALSE
student396@umich.edu,Name396,3,5,FALSE,FALSE,TRUE,FALSE
student397@umich.edu,Name397,4,5,FALSE,TRUE,FALSE,FALSE
student398@umich.edu,Name398,1,4,FALSE,FALSE,FALSE,FALSE
student399@umich.edu,Name399,2,2,FALSE,FALSE,FALSE,FALSE
student400@umich.edu,Name400,3,2,TRUE,TRUE,FALSE,FALSE
student401@umich.edu,Name401,4,3,FALSE,TRUE,FALSE,FALSE
student402@umich.edu,Name402,3,2,TRUE,TRUE,FALSE,FALSE
student403@umich.edu,Name403,3,3,FALSE,TRUE,FALSE,FALSE
student404@umich.edu,Name404,2,3,TRUE,TRUE,FALSE,FALSE
student405@umich.edu,Name405,3,3,FALSE,FALSE,FALSE,FALSE
student406@umich.edu,Name406,2,3,FALSE,TRUE,FALSE,FALSE
student407@umich.edu,Name407,4,3,FALSE,TRUE,FALSE,FALSE
student408@umich.edu,Name408,2,3,FALSE,FALSE,FALSE,FALSE
student409@umich.edu,Name409,2,3,FALSE,FALSE,FALSE,FALSE
student410@umich.edu,Name410,2,3,TRUE,TRUE,TRUE,FALSE
student411@umich.edu,Name411,4,4,FALSE,TRUE,FALSE,FALSE
student412@umich.edu,Name412,3,2,FALSE,TRUE,FALSE,FALSE
student413@umich.edu,Name413,4,4,FALSE,TRUE,FALSE,FALSE
student414@umich.edu,Name414,4,4,FALSE,FALSE,FALSE,FALSE
student415@umich.edu,Name415,2,4,FALSE,TRUE,TRUE,FALSE
student416@umich.edu,Name416,4,4,FALSE,TRUE,FALSE,FALSE
student417@umich.edu,Name417,5,4,FALSE,TRUE,FALSE,FALSE
student418@umich.edu,Name418,2,2,FALSE,FALSE,FALSE,FALSE
student419@umich.edu,Name419,3,2,TRUE,TRUE,FALSE,FALSE
student420@umich.edu,Name420,4,4,FALSE,TRUE,TRUE,FALSE
student421@umich.edu,Name421,2,4,FALSE,FALSE,FALSE,FALSE
student422@umich.edu,Name422,2,3,FALSE,FALSE,FALSE,FALSE
student423@umich.edu,Name423,1,1,FALSE,FALSE,TRUE,FALSE
student424@umich.edu,Name424,1,3,FALSE,FALSE,FALSE,FALSE
student425@umich.edu,Name425,2,3,FALSE,TRUE,TRUE,FALSE
student426@umich.edu,Name426,4,4,FALSE,TRUE,FALSE,FALSE
student427@umich.edu,Name427,1,3,TRUE,FALSE,FALSE,FALSE
student428@umich.edu,Name428,3,4,FALSE,TRUE,FALSE,FALSE
student429@umich.edu,Name429,3,4,FALSE,TRUE,FALSE,FALSE
student430@umich.edu,Name430,1,3,FALSE,TRUE,FALSE,FALSE
student431@umich.edu,Name431,4,5,FALSE,TRUE,FALSE,FALSE
student432@umich.edu,Name432,4,3,FALSE,FALSE,FALSE,FALSE
student433@umich.edu,Name433,1,3,TRUE,TRUE,FALSE,FALSE
student434@umich.edu,Name434,2,2,FALSE,TRUE,FALSE,FALSE
student435@umich.edu,Name435,3,3,FALSE,TRUE,FALSE,FALSE
student436@umich.edu,Name436,2,2,FALSE,FALSE,FALSE,FALSE
student437@umich.edu,Name437,1,4,FALSE,FALSE,FALSE,FALSE
student438@umich.edu,Name438,1,2,FALSE,FALSE,TRUE,FALSE
student439@umich.edu,Name439,3,4,TRUE,TRUE,FALSE,FALSE
student440@umich.edu,Name440,1,3,FALSE,TRUE,FALSE,FALSE
student441@umich.edu,Name441,2,2,TRUE,FALSE,FALSE,FALSE
student442@umich.edu,Name442,4,2,TRUE,TRUE,FALSE,FALSE
student443@umich.edu,Name443,2,3,FALSE,TRUE,FALSE,FALSE
student444@umich.edu,Name444,1,2,FALSE,FALSE,FALSE,FALSE
student445@umich.edu,Name445,4,4,FALSE,TRUE,FALSE,FALSE
student446@umich.edu,Name446,5,4,FALSE,TRUE,FALSE,FALSE
student447@umich.edu,Name447,3,3,FALSE,FALSE,TRUE,FALSE
student448@umich.edu,Name448,1,1,FALSE,FALSE,FALSE,FALSE
student449@umich.edu,Name449,3,3,FALSE,FALSE,FALSE,FALSE
student450@umich.edu,Name450,1,3,FALSE,FALSE,FALSE,FALSE
student451@umich.edu,Name451,5,4,FALSE,TRUE,FALSE,FALSE
student452@umich.edu,Name452,3,3,FALSE,FALSE,FALSE,FALSE
student453@umich.edu,Name453,1,1,TRUE,FALSE,TRUE,FALSE
student454@umich.edu,Name454,1,3,TRUE,FALSE,FALSE,FALSE
student455@umich.edu,Name455,1,4,FALSE,FALSE,FALSE,FALSE
student456@umich.edu,Name456,4,3,FALSE,TRUE,FALSE,FALSE
student457@umich.edu,Name457,3,4,FALSE,TRUE,FALSE,FALSE
student458@umich.edu,Name458,3,3,FALSE,TRUE,FALSE,FALSE
student459@umich.edu,Name459,3,3,FALSE,TRUE,FALSE,FALSE
student460@umich.edu,Name460,1,2,FALSE,FALSE,FALSE,FALSE
student461@umich.edu,Name461,2,3,FALSE,TRUE,FALSE,FALSE
student462@umich.edu,Name462,2,1,FALSE,TRUE,FALSE,FALSE
student463@umich.edu,Name463,3,2,FALSE,TRUE,FALSE,FALSE
student464@umich.edu,Name464,3,4,FALSE,TRUE,FALSE,FALSE
student465@umich.edu,Name465,1,2,TRUE,TRUE,FALSE,FALSE
student466@umich.edu,Name466,3,2,TRUE,FALSE,FALSE,FALSE
student467@umich.edu,Name467,2,1,FALSE,FALSE,TRUE,FALSE
student468@umich.edu,Name468,1,2,TRUE,FALSE,FALSE,FALSE
student469@umich.edu,Name469,5,5,FALSE,TRUE,FALSE,FALSE
student470@umich.edu,Name470,3,2,TRUE,TRUE,FALSE,FALSE
student471@umich.edu,Name471,2,2,FALSE,TRUE,FALSE,FALSE
student472@umich.edu,Name472,2,3,FALSE,TRUE,FALSE,FALSE
student473@umich.edu,Name473,1,3,FALSE,FALSE,FALSE,FALSE
student474@umich.edu,Name474,1,2,TRUE,FALSE,FALSE,FALSE
student475@umich.edu,Name475,4,4,FALSE,TRUE,FALSE,FALSE
student476@umich.edu,Name476,3,4,FALSE,FALSE,FALSE,FALSE
student477@umich.edu,Name477,3,3,TRUE,TRUE,TRUE,FALSE
student478@umich.edu,Name478,2,2,TRUE,FALSE,FALSE,FALSE
student479@umich.edu,Name479,3,3,FALSE,FALSE,FALSE,FALSE
student480@umich.edu,Name480,1,2,TRUE,FALSE,FALSE,FALSE
student481@umich.edu,Name481,1,2,TRUE,FALSE,FALSE,FALSE
student482@umich.edu,Name482,1,4,FALSE,TRUE,FALSE,FALSE
student483@umich.edu,Name483,4,3,FALSE,TRUE,FALSE,FALSE
student484@umich.edu,Name484,1,3,TRUE,FALSE,FALSE,FALSE
student485@umich.edu,Name485,1,3,FALSE,TRUE,FALSE,FALSE
student486@umich.edu,Name486,1,3,TRUE,TRUE,FALSE,FALSE
student487@umich.edu,Name487,2,2,FALSE,FALSE,TRUE,FALSE
student488@umich.edu,Name488,3,2,FALSE,FALSE,FALSE,FALSE
student489@umich.edu,Name489,3,3,FALSE,TRUE,FALSE,FALSE
student490@umich.edu,Name490,1,3,TRUE,TRUE,FALSE,FALSE
student491@umich.edu,Name491,3,3,FALSE,FALSE,FALSE,FALSE
student492@umich.edu,Name492,3,3,TRUE,FALSE,FALSE,FALSE
student493@umich.edu,Name493,3,2,TRUE,FALSE,FALSE,FALSE
student494@umich.edu,Name494,3,2,TRUE,FALSE,FALSE,FALSE
student495@umich.edu,Name495,4,4,FALSE,TRUE,FALSE,FALSE
student496@umich.edu,Name496,3,3,FALSE,FALSE,FALSE,FALSE
student497@umich.edu,Name497,1,3,TRUE,FALSE,FALSE,FALSE
student498@umich.edu,Name498,1,3,TRUE,FALSE,TRUE,FALSE
student499@umich.edu,Name499,3,4,TRUE,FALSE,FALSE,FALSE
student500@umich.edu,Name500,4,3,FALSE,TRUE,FALSE,FALSE
student501@umich.edu,Name501,1,1,FALSE,FALSE,FALSE,FALSE
student502@umich.edu,Name502,1,4,TRUE,FALSE,TRUE,FALSE
student503@umich.edu,Name503,2,2,TRUE,FALSE,FALSE,FALSE
student504@umich.edu,Name504,2,3,FALSE,FALSE,FALSE,FALSE
student505@umich.edu,Name505,4,5,FALSE,TRUE,FALSE,FALSE
student506@umich.edu,Name506,4,4,FALSE,TRUE,FALSE,FALSE
student507@umich.edu,Name507,1,1,TRUE,FALSE,FALSE,FALSE
student508@umich.edu,Name508,2,3,FALSE,TRUE,TRUE,FALSE
student509@umich.edu,Name509,3,2,TRUE,TRUE,FALSE,FALSE
student510@umich.edu,Name510,2,3,FALSE,FALSE,FALSE,FALSE
student511@umich.edu,Name511,1,4,FALSE,FALSE,FALSE,FALSE
student512@umich.edu,Name512,3,5,FALSE,TRUE,FALSE,FALSE
student513@umich.edu,Name513,2,4,FALSE,TRUE,FALSE,FALSE
student514@umich.edu,Name514,1,5,FALSE,TRUE,TRUE,FALSE
student515@umich.edu,Name515,3,3,FALSE,TRUE,FALSE,FALSE
student516@umich.edu,Name516,3,3,TRUE,TRUE,FALSE,FALSE
student517@umich.edu,Name517,1,3,FALSE,TRUE,FALSE,FALSE
student518@umich.edu,Name518,1,4,FALSE,FALSE,FALSE,FALSE
student519@umich.edu,Name519,5,5,FALSE,TRUE,TRUE,FALSE
student520@umich.edu,Name520,4,3,TRUE,FALSE,FALSE,FALSE
student521@umich.edu,Name521,5,5,FALSE,TRUE,FALSE,FALSE
student522@umich.edu,Name522,1,2,FALSE,TRUE,TRUE,FALSE
student523@umich.edu,Name523,4,4,FALSE,TRUE,FALSE,FALSE
student524@umich.edu,Name524,3,4,FALSE,FALSE,TRUE,FALSE
student525@umich.edu,Name525,3,3,FALSE,TRUE,FALSE,FALSE
student526@umich.edu,Name526,2,2,FALSE,FALSE,FALSE,FALSE
student527@umich.edu,Name527,1,4,FALSE,FALSE,FALSE,FALSE
student528@umich.edu,Name528,2,3,FALSE,FALSE,FALSE,FALSE
student529@umich.edu,Name529,4,3,TRUE,TRUE,FALSE,FALSE
student530@umich.edu,Name530,3,3,FALSE,TRUE,FALSE,FALSE
student531@umich.edu,Name531,3,3,FALSE,TRUE,FALSE,FALSE
student532@umich.edu,Name532,5,3,FALSE,TRUE,FALSE,FALSE
student533@umich.edu,Name533,3,3,FALSE,FALSE,FALSE,FALSE
student534@umich.edu,Name534,3,3,FALSE,FALSE,FALSE,FALSE
student535@umich.edu,Name535,4,4,FALSE,FALSE,FALSE,FALSE
student536@umich.edu,Name536,5,5,FALSE,TRUE,FALSE,FALSE
student537@umich.edu,Name537,4,3,FALSE,TRUE,FALSE,FALSE
student538@umich.edu,Name538,2,2,TRUE,TRUE,FALSE,FALSE
student539@umich.edu,Name539,4,4,FALSE,TRUE,FALSE,FALSE
student540@umich.edu,Name540,2,2,TRUE,FALSE,FALSE,FALSE
student541@umich.edu,Name541,2,1,FALSE,FALSE,FALSE,FALSE
student542@umich.edu,Name542,4,3,FALSE,TRUE,FALSE,FALSE
student543@umich.edu,Name543,3,2,TRUE,FALSE,FALSE,FALSE
student544@umich.edu,Name544,1,3,TRUE,TRUE,FALSE,FALSE
student545@umich.edu,Name545,3,3,FALSE,FALSE,FALSE,FALSE
student546@umich.edu,Name546,3,3,FALSE,FALSE,FALSE,FALSE
student547@umich.edu,Name547,4,4,FALSE,TRUE,FALSE,FALSE
student548@umich.edu,Name548,1,1,FALSE,FALSE,FALSE,FALSE
student549@umich.edu,Name549,4,4,FALSE,TRUE,FALSE,FALSE
student550@umich.edu,Name550,2,1,TRUE,FALSE,TRUE,FALSE
student551@umich.edu,Name551,2,5,FALSE,FALSE,FALSE,FALSE
student552@umich.edu,Name552,2,2,FALSE,TRUE,TRUE,FALSE
student553@umich.edu,Name553,4,4,FALSE,TRUE,FALSE,FALSE
student554@umich.edu,Name554,2,3,FALSE,TRUE,FALSE,FALSE
student555@umich.edu,Name555,1,2,FALSE,TRUE,FALSE,FALSE
student556@umich.edu,Name556,5,4,FALSE,FALSE,FALSE,FALSE
student557@umich.edu,Name557,3,3,FALSE,TRUE,FALSE,FALSE
student558@umich.edu,Name558,3,4,FALSE,TRUE,FALSE,FALSE
student559@umich.edu,Name559,2,3,TRUE,TRUE,FALSE,FALSE
student560@umich.edu,Name560,4,4,FALSE,TRUE,FALSE,FALSE
student561@umich.edu,Name561,4,4,FALSE,TRUE,FALSE,FALSE
student562@umich.edu,Name562,3,4,FALSE,TRUE,FALSE,FALSE
student563@umich.edu,Name563,3,2,TRUE,FALSE,TRUE,FALSE
student564@umich.edu,Name564,2,3,FALSE,FALSE,FALSE,FALSE
student565@umich.edu,Name565,3,3,TRUE,FALSE,FALSE,FALSE
student566@umich.edu,Name566,2,3,TRUE,TRUE,TRUE,FALSE
student567@umich.edu,Name567,2,3,FALSE,FALSE,FALSE,FALSE
student568@umich.edu,Name568,1,2,TRUE,TRUE,FALSE,FALSE
student569@umich.edu,Name569,1,3,TRUE,TRUE,FALSE,FALSE
student570@umich.edu,Name570,2,3,FALSE,FALSE,FALSE,FALSE
student571@umich.edu,Name571,3,3,FALSE,TRUE,FALSE,FALSE
student572@umich.edu,Name572,4,4,FALSE,TRUE,FALSE,FALSE
student573@umich.edu,Name573,4,3,FALSE,TRUE,FALSE,FALSE
student574@umich.edu,Name574,4,4,FALSE,TRUE,FALSE,FALSE
student575@umich.edu,Name575,4,3,TRUE,TRUE,FALSE,FALSE
student576@umich.edu,Name576,4,4,FALSE,TRUE,FALSE,FALSE
student577@umich.edu,Name577,1,3,TRUE,TRUE,TRUE,FALSE
student578@umich.edu,Name578,3,3,FALSE,TRUE,FALSE,FALSE
student579@umich.edu,Name579,3,3,FALSE,FALSE,FALSE,FALSE
student580@umich.edu,Name580,1,2,TRUE,FALSE,FALSE,FALSE
student581@umich.edu,Name581,4,3,FALSE,FALSE,FALSE,FALSE
student582@umich.edu,Name582,4,3,TRUE,TRUE,FALSE,FALSE
student583@umich.edu,Name583,4,4,FALSE,FALSE,FALSE,FALSE
student584@umich.edu,Name584,3,3,FALSE,FALSE,FALSE,FALSE
student585@umich.edu,Name585,3,3,FALSE,FALSE,FALSE,FALSE
student586@umich.edu,Name586,1,3,TRUE,FALSE,FALSE,FALSE
student587@umich.edu,Name587,3,4,FALSE,TRUE,FALSE,FALSE
student588@umich.edu,Name588,2,3,TRUE,FALSE,FALSE,FALSE
student589@umich.edu,Name589,3,2,FALSE,FALSE,FALSE,FALSE
student590@umich.edu,Name590,3,3,FALSE,TRUE,FALSE,FALSE
student591@umich.edu,Name591,5,3,FALSE,FALSE,FALSE,FALSE
student592@umich.edu,Name592,1,3,TRUE,FALSE,FALSE,FALSE
student593@umich.edu,Name593,2,4,TRUE,TRUE,TRUE,FALSE
student594@umich.edu,Name594,1,3,FALSE,TRUE,FALSE,FALSE
student595@umich.edu,Name595,3,4,FALSE,TRUE,FALSE,FALSE
student596@umich.edu,Name596,2,3,FALSE,FALSE,FALSE,FALSE
student597@umich.edu,Name597,4,4,TRUE,TRUE,FALSE,FALSE
student598@umich.edu,Name598,2,2,TRUE,FALSE,FALSE,FALSE
student599@umich.edu,Name599,5,5,FALSE,TRUE,FALSE,FALSE
student600@umich.edu,Name600,3,3,FALSE,FALSE,TRUE,FALSE
student601@umich.edu,Name601,2,3,FALSE,FALSE,FALSE,FALSE
student602@umich.edu,Name602,1,3,TRUE,TRUE,FALSE,FALSE
student603@umich.edu,Name603,1,3,FALSE,TRUE,FALSE,FALSE
student604@umich.edu,Name604,2,2,TRUE,TRUE,FALSE,FALSE
student605@umich.edu,Name605,2,4,TRUE,FALSE,TRUE,FALSE
student606@umich.edu,Name606,2,4,FALSE,FALSE,FALSE,FALSE
student607@umich.edu,Name607,2,4,FALSE,TRUE,FALSE,FALSE
student608@umich.edu,Name608,4,4,FALSE,TRUE,FALSE,FALSE
student609@umich.edu,Name609,1,3,FALSE,FALSE,FALSE,FALSE
student610@umich.edu,Name610,3,4,TRUE,FALSE,FALSE,FALSE
student611@umich.edu,Name611,3,4,FALSE,FALSE,FALSE,FALSE
student612@umich.edu,Name612,2,3,TRUE,FALSE,TRUE,FALSE
student613@umich.edu,Name613,2,5,TRUE,TRUE,TRUE,FALSE
student614@umich.edu,Name614,4,5,FALSE,TRUE,FALSE,FALSE
student615@umich.edu,Name615,1,3,FALSE,FALSE,FALSE,FALSE
student616@umich.edu,Name616,1,3,FALSE,TRUE,FALSE,FALSE
student617@umich.edu,Name617,3,3,FALSE,TRUE,FALSE,FALSE
student618@umich.edu,Name618,2,2,TRUE,TRUE,FALSE,FALSE
student619@umich.edu,Name619,3,3,FALSE,TRUE,TRUE,FALSE
student620@umich.edu,Name620,4,3,FALSE,TRUE,FALSE,FALSE
student621@umich.edu,Name621,2,3,FALSE,FALSE,FALSE,FALSE
student622@umich.edu,Name622,1,3,TRUE,FALSE,FALSE,FALSE
student623@umich.edu,Name623,3,3,FALSE,FALSE,FALSE,FALSE
student624@umich.edu,Name624,1,1,FALSE,TRUE,FALSE,FALSE
student625@umich.edu,Name625,4,2,FALSE,FALSE,FALSE,FALSE
student626@umich.edu,Name626,2,4,FALSE,FALSE,FALSE,FALSE
student627@umich.edu,Name627,3,2,FALSE,FALSE,FALSE,FALSE
student628@umich.edu,Name628,3,2,FALSE,FALSE,FALSE,FALSE
student629@umich.edu,Name629,2,3,TRUE,FALSE,FALSE,FALSE
student630@umich.edu,Name630,4,4,FALSE,TRUE,FALSE,FALSE
student631@umich.edu,Name631,2,1,FALSE,TRUE,FALSE,FALSE
student632@umich.edu,Name632,5,5,FALSE,TRUE,FALSE,FALSE
student633@umich.edu,Name633,1,3,FALSE,TRUE,FALSE,FALSE
student634@umich.edu,Name634,3,4,FALSE,FALSE,FALSE,FALSE
student635@umich.edu,Name635,4,4,FALSE,FALSE,FALSE,FALSE
student636@umich.edu,Name636,3,4,FALSE,FALSE,FALSE,FALSE
student637@umich.edu,Name637,2,3,FALSE,FALSE,FALSE,FALSE
student638@umich.edu,Name638,2,2,FALSE,TRUE,FALSE,FALSE
student639@umich.edu,Name639,4,4,FALSE,TRUE,FALSE,FALSE
student640@umich.edu,Name640,5,5,FALSE,TRUE,FALSE,FALSE
student641@umich.edu,Name641,4,4,FALSE,TRUE,FALSE,FALSE
student642@umich.edu,Name642,2,3,TRUE,TRUE,FALSE,FALSE
student643@umich.edu,Name643,3,3,FALSE,TRUE,FALSE,FALSE
student644@umich.edu,Name644,4,4,FALSE,TRUE,FALSE,FALSE
student645@umich.edu,Name645,2,3,FALSE,TRUE,FALSE,FALSE
student646@umich.edu,Name646,3,5,FALSE,TRUE,TRUE,FALSE
student647@umich.edu,Name647,1,1,FALSE,TRUE,FALSE,FALSE
student648@umich.edu,Name648,1,2,FALSE,TRUE,FALSE,FALSE
student649@umich.edu,Name649,1,3,FALSE,FALSE,FALSE,FALSE
student650@umich.edu,Name650,3,4,FALSE,TRUE,FALSE,FALSE
student651@umich.edu,Name651,3,3,FALSE,TRUE,FALSE,FALSE
student652@umich.edu,Name652,5,5,FALSE,TRUE,FALSE,FALSE
student653@umich.edu,Name653,4,5,FALSE,TRUE,FALSE,FALSE
student654@umich.edu,Name654,3,5,FALSE,TRUE,FALSE,FALSE
student655@umich.edu,Name655,4,4,TRUE,TRUE,FALSE,FALSE
student656@umich.edu,Name656,2,3,TRUE,TRUE,TRUE,FALSE
student657@umich.edu,Name657,3,3,TRUE,TRUE,FALSE,FALSE
student658@umich.edu,Name658,4,3,FALSE,TRUE,FALSE,FALSE
student659@umich.edu,Name659,3,2,FALSE,FALSE,FALSE,FALSE
student660@umich.edu,Name660,2,2,TRUE,TRUE,FALSE,FALSE
student661@umich.edu,Name661,3,2,FALSE,FALSE,FALSE,FALSE
student662@umich.edu,Name662,3,2,TRUE,FALSE,FALSE,FALSE
student663@umich.edu,Name663,5,5,FALSE,TRUE,FALSE,FALSE
student664@umich.edu,Name664,4,4,FALSE,TRUE,FALSE,FALSE
student665@umich.edu,Name665,4,3,FALSE,TRUE,FALSE,FALSE
student666@umich.edu,Name666,1,3,TRUE,TRUE,FALSE,FALSE
student667@umich.edu,Name667,5,4,FALSE,TRUE,FALSE,FALSE
student668@umich.edu,Name668,3,3,FALSE,FALSE,FALSE,FALSE
student669@umich.edu,Name669,3,3,FALSE,FALSE,FALSE,FALSE
student670@umich.edu,Name670,2,3,FALSE,FALSE,FALSE,FALSE
student671@umich.edu,Name671,5,4,FALSE,TRUE,FALSE,FALSE
student672@umich.edu,Name672,4,3,TRUE,TRUE,FALSE,FALSE
student673@umich.edu,Name673,3,3,FALSE,FALSE,FALSE,FALSE
student674@umich.edu,Name674,3,3,TRUE,TRUE,TRUE,FALSE
student675@umich.edu,Name675,1,1,FALSE,TRUE,FALSE,FALSE
student676@umich.edu,Name676,4,3,FALSE,FALSE,FALSE,FALSE
student677@umich.edu,Name677,1,3,FALSE,FALSE,FALSE,FALSE
student678@umich.edu,Name678,4,5,FALSE,TRUE,FALSE,FALSE
student679@umich.edu,Name679,3,2,FALSE,FALSE,FALSE,FALSE
student680@umich.edu,Name680,4,4,FALSE,TRUE,FALSE,FALSE
student681@umich.edu,Name681,4,5,FALSE,TRUE,TRUE,FALSE
student682@umich.edu,Name682,2,3,TRUE,FALSE,FALSE,FALSE
student683@umich.edu,Name683,4,4,FALSE,FALSE,FALSE,FALSE
student684@umich.edu,Name684,4,4,FALSE,TRUE,FALSE,FALSE
student685@umich.edu,Name685,1,2,FALSE,TRUE,FALSE,FALSE
student686@umich.edu,Name686,3,2,FALSE,FALSE,FALSE,FALSE
student687@umich.edu,Name687,4,4,FALSE,FALSE,FALSE,FALSE
student688@umich.edu,Name688,3,3,TRUE,FALSE,FALSE,FALSE
student689@umich.edu,Name689,1,3,TRUE,FALSE,FALSE,FALSE
student690@umich.edu,Name690,2,1,TRUE,FALSE,TRUE,FALSE
student691@umich.edu,Name691,1,5,FALSE,FALSE,FALSE,FALSE
student692@umich.edu,Name692,1,2,FALSE,TRUE,FALSE,FALSE
student693@umich.edu,Name693,2,3,TRUE,TRUE,FALSE,FALSE
student694@umich.edu,Name694,3,3,FALSE,FALSE,FALSE,FALSE
student695@umich.edu,Name695,2,2,TRUE,FALSE,FALSE,FALSE
student696@umich.edu,Name696,5,5,FALSE,FALSE,FALSE,FALSE
student697@umich.edu,Name697,4,4,TRUE,FALSE,FALSE,FALSE
student698@umich.edu,Name698,5,5,TRUE,TRUE,FALSE,FALSE
student699@umich.edu,Name699,3,4,FALSE,TRUE,FALSE,FALSE
student700@umich.edu,Name700,1,3,FALSE,FALSE,FALSE,FALSE
student701@umich.edu,Name701,3,3,TRUE,TRUE,FALSE,FALSE
student702@umich.edu,Name702,1,1,TRUE,TRUE,FALSE,FALSE
student703@umich.edu,Name703,3,3,FALSE,TRUE,FALSE,FALSE
student704@umich.edu,Name704,1,3,FALSE,FALSE,FALSE,FALSE
student705@umich.edu,Name705,5,3,TRUE,TRUE,TRUE,FALSE
student706@umich.edu,Name706,3,4,FALSE,TRUE,FALSE,FALSE
student707@umich.edu,Name707,1,1,TRUE,FALSE,FALSE,FALSE
student708@umich.edu,Name708,3,3,FALSE,FALSE,FALSE,FALSE
student709@umich.edu,Name709,1,4,FALSE,TRUE,FALSE,FALSE
student710@umich.edu,Name710,3,3,FALSE,FALSE,TRUE,FALSE
student711@umich.edu,Name711,3,4,FALSE,TRUE,FALSE,FALSE
student712@umich.edu,Name712,1,2,TRUE,FALSE,FALSE,FALSE
student713@umich.edu,Name713,4,4,FALSE,TRUE,FALSE,FALSE
student714@umich.edu,Name714,3,5,TRUE,FALSE,TRUE,FALSE
student715@umich.edu,Name715,3,1,FALSE,FALSE,FALSE,FALSE
student716@umich.edu,Name716,4,4,FALSE,TRUE,FALSE,FALSE
student717@umich.edu,Name717,5,4,FALSE,TRUE,FALSE,FALSE
student718@umich.edu,Name718,4,4,FALSE,TRUE,FALSE,FALSE
student719@umich.edu,Name719,5,5,FALSE,TRUE,FALSE,FALSE
student720@umich.edu,Name720,3,3,FALSE,TRUE,TRUE,FALSE
student721@umich.edu,Name721,2,2,FALSE,FALSE,TRUE,FALSE
student722@umich.edu,Name722,4,3,FALSE,FALSE,FALSE,FALSE
student723@umich.edu,Name723,4,3,FALSE,FALSE,FALSE,FALSE
student724@umich.edu,Name724,1,3,FALSE,FALSE,TRUE,FALSE
student725@umich.edu,Name725,3,2,FALSE,FALSE,TRUE,FALSE
student726@umich.edu,Name726,4,4,FALSE,TRUE,FALSE,FALSE
student727@umich.edu,Name727,5,5,FALSE,TRUE,FALSE,FALSE
student728@umich.edu,Name728,1,3,FALSE,TRUE,FALSE,FALSE
student729@umich.edu,Name729,3,2,TRUE,TRUE,FALSE,FALSE
student730@umich.edu,Name730,1,5,FALSE,FALSE,FALSE,FALSE
student731@umich.edu,Name731,4,4,FALSE,TRUE,FALSE,FALSE
student732@umich.edu,Name732,3,2,TRUE,FALSE,FALSE,FALSE
student733@umich.edu,Name733,1,2,TRUE,FALSE,FALSE,FALSE
student734@umich.edu,Name734,1,1,TRUE,FALSE,TRUE,FALSE
student735@umich.edu,Name735,2,4,FALSE,FALSE,FALSE,FALSE
student736@umich.edu,Name736,3,2,FALSE,TRUE,TRUE,FALSE
student737@umich.edu,Name737,4,3,TRUE,FALSE,TRUE,FALSE
student738@umich.edu,Name738,3,3,TRUE,TRUE,FALSE,FALSE
student739@umich.edu,Name739,1,2,FALSE,TRUE,TRUE,FALSE
student740@umich.edu,Name740,1,1,FALSE,FALSE,TRUE,FALSE
student741@umich.edu,Name741,4,3,FALSE,TRUE,FALSE,FALSE
student742@umich.edu,Name742,3,2,TRUE,TRUE,FALSE,FALSE
student743@umich.edu,Name743,1,2,FALSE,FALSE,FALSE,FALSE
student744@umich.edu,Name744,1,2,FALSE,FALSE,FALSE,FALSE
student745@umich.edu,Name745,2,3,TRUE,FALSE,FALSE,FALSE
student746@umich.edu,Name746,4,5,FALSE,FALSE,FALSE,FALSE
student747@umich.edu,Name747,2,2,FALSE,FALSE,FALSE,FALSE
student748@umich.edu,Name748,4,4,FALSE,TRUE,FALSE,FALSE
student749@umich.edu,Name749,3,3,FALSE,TRUE,FALSE,FALSE
student750@umich.edu,Name750,1,3,TRUE,TRUE,FALSE,FALSE
student751@umich.edu,Name751,5,4,FALSE,TRUE,FALSE,FALSE
student752@umich.edu,Name752,4,3,FALSE,TRUE,FALSE,FALSE
student753@umich.edu,Name753,3,2,FALSE,TRUE,FALSE,FALSE
student754@umich.edu,Name754,1,3,TRUE,TRUE,FALSE,FALSE
student755@umich.edu,Name755,1,3,FALSE,TRUE,FALSE,FALSE
student756@umich.edu,Name756,3,3,FALSE,TRUE,FALSE,FALSE
student757@umich.edu,Name757,5,5,FALSE,TRUE,FALSE,FALSE
student758@umich.edu,Name758,4,4,FALSE,TRUE,FALSE,FALSE
student759@umich.edu,Name759,5,5,FALSE,TRUE,FALSE,FALSE
student760@umich.edu,Name760,1,1,FALSE,TRUE,FALSE,FALSE
student761@umich.edu,Name761,4,4,FALSE,TRUE,FALSE,FALSE
student762@umich.edu,Name762,1,4,FALSE,TRUE,FALSE,FALSE
student763@umich.edu,Name763,1,1,TRUE,FALSE,FALSE,FALSE
student764@umich.edu,Name764,3,4,TRUE,TRUE,FALSE,FALSE
student765@umich.edu,Name765,5,4,FALSE,TRUE,FALSE,FALSE
student766@umich.edu,Name766,4,4,FALSE,TRUE,FALSE,FALSE
student767@umich.edu,Name767,4,4,FALSE,TRUE,FALSE,FALSE
student768@umich.edu,Name768,4,4,FALSE,TRUE,FALSE,FALSE
student769@umich.edu,Name769,4,4,FALSE,TRUE,TRUE,FALSE
student770@umich.edu,Name770,3,2,TRUE,TRUE,TRUE,FALSE
student771@umich.edu,Name771,3,2,TRUE,FALSE,TRUE,FALSE
student772@umich.edu,Name772,5,4,FALSE,TRUE,FALSE,FALSE
student773@umich.edu,Name773,1,1,TRUE,FALSE,FALSE,FALSE
student774@umich.edu,Name774,4,3,FALSE,TRUE,FALSE,FALSE
student775@umich.edu,Name775,1,2,TRUE,FALSE,FALSE,FALSE
student776@umich.edu,Name776,1,2,FALSE,FALSE,FALSE,FALSE
student777@umich.edu,Name777,4,4,FALSE,TRUE,FALSE,FALSE
student778@umich.edu,Name778,3,2,TRUE,FALSE,FALSE,FALSE
student779@umich.edu,Name779,3,3,FALSE,FALSE,TRUE,FALSE
student780@umich.edu,Name780,1,3,FALSE,FALSE,FALSE,FALSE
student781@umich.edu,Name781,1,3,FALSE,TRUE,FALSE,FALSE
student782@umich.edu,Name782,4,5,FALSE,TRUE,FALSE,FALSE
student783@umich.edu,Name783,4,2,FALSE,TRUE,FALSE,FALSE
student784@umich.edu,Name784,4,3,FALSE,TRUE,FALSE,FALSE
student785@umich.edu,Name785,4,3,FALSE,TRUE,FALSE,FALSE
student786@umich.edu,Name786,1,1,FALSE,FALSE,FALSE,FALSE
student787@umich.edu,Name787,3,3,FALSE,FALSE,FALSE,FALSE
student788@umich.edu,Name788,3,3,FALSE,TRUE,FALSE,FALSE
student789@umich.edu,Name789,3,3,TRUE,FALSE,FALSE,FALSE
student790@umich.edu,Name790,2,3,FALSE,TRUE,TRUE,FALSE
student791@umich.edu,Name791,4,4,FALSE,TRUE,FALSE,FALSE
student792@umich.edu,Name792,4,4,FALSE,TRUE,FALSE,FALSE
student793@umich.edu,Name793,3,3,FALSE,FALSE,FALSE,FALSE
student794@umich.edu,Name794,3,3,TRUE,FALSE,FALSE,FALSE
student795@umich.edu,Name795,2,3,FALSE,TRUE,TRUE,FALSE
student796@umich.edu,Name796,4,4,FALSE,TRUE,FALSE,FALSE
student797@umich.edu,Name797,3,3,TRUE,TRUE,FALSE,FALSE
student798@umich.edu,Name798,3,4,FALSE,TRUE,FALSE,FALSE
student799@umich.edu,Name799,4,4,FALSE,TRUE,FALSE,FALSE
student800@umich.edu,Name800,2,2,FALSE,TRUE,FALSE,FALSE
student801@umich.edu,Name801,4,4,FALSE,TRUE,FALSE,FALSE
student802@umich.edu,Name802,2,3,FALSE,FALSE,FALSE,FALSE
student803@umich.edu,Name803,3,3,FALSE,FALSE,FALSE,FALSE
student804@umich.edu,Name804,1,4,TRUE,TRUE,TRUE,FALSE
student805@umich.edu,Name805,3,3,FALSE,TRUE,TRUE,FALSE
student806@umich.edu,Name806,4,3,FALSE,TRUE,TRUE,FALSE
student807@umich.edu,Name807,4,4,FALSE,TRUE,FALSE,FALSE
student808@umich.edu,Name808,5,4,FALSE,TRUE,FALSE,FALSE
student809@umich.edu,Name809,3,3,TRUE,TRUE,FALSE,FALSE
student810@umich.edu,Name810,2,2,TRUE,FALSE,FALSE,FALSE
student811@umich.edu,Name811,3,4,FALSE,TRUE,FALSE,FALSE
student812@umich.edu,Name812,2,2,TRUE,FALSE,FALSE,FALSE
student813@umich.edu,Name813,1,2,FALSE,FALSE,FALSE,FALSE
student814@umich.edu,Name814,1,3,FALSE,TRUE,FALSE,FALSE
student815@umich.edu,Name815,3,3,FALSE,TRUE,FALSE,FALSE
student816@umich.edu,Name816,3,3,FALSE,FALSE,FALSE,FALSE
student817@umich.edu,Name817,1,3,TRUE,FALSE,FALSE,FALSE
student818@umich.edu,Name818,4,3,FALSE,FALSE,FALSE,FALSE
student819@umich.edu,Name819,1,3,FALSE,FALSE,FALSE,FALSE
student820@umich.edu,Name820,3,4,TRUE,FALSE,TRUE,FALSE
student821@umich.edu,Name821,1,2,FALSE,TRUE,FALSE,FALSE
student822@umich.edu,Name822,5,4,FALSE,TRUE,FALSE,FALSE
student823@umich.edu,Name823,5,5,FALSE,TRUE,FALSE,FALSE
student824@umich.edu,Name824,1,3,FALSE,TRUE,FALSE,FALSE
student825@umich.edu,Name825,2,4,FALSE,TRUE,FALSE,FALSE
student826@umich.edu,Name826,2,2,TRUE,FALSE,FALSE,FALSE
student827@umich.edu,Name827,1,3,FALSE,TRUE,TRUE,FALSE
student828@umich.edu,Name828,1,1,FALSE,FALSE,FALSE,FALSE
student829@umich.edu,Name829,3,4,FALSE,TRUE,FALSE,FALSE
student830@umich.edu,Name830,3,3,FALSE,TRUE,FALSE,FALSE
student831@umich.edu,Name831,3,3,FALSE,FALSE,FALSE,FALSE
student832@umich.edu,Name832,5,3,TRUE,FALSE,TRUE,FALSE
student833@umich.edu,Name833,2,2,TRUE,FALSE,FALSE,FALSE
student834@umich.edu,Name834,2,4,FALSE,TRUE,FALSE,FALSE
student835@umich.edu,Name835,1,3,FALSE,FALSE,FALSE,FALSE
student836@umich.edu,Name836,1,2,FALSE,TRUE,FALSE,FALSE
student837@umich.edu,Name837,3,3,FALSE,FALSE,FALSE,FALSE
student838@umich.edu,Name838,5,4,FALSE,TRUE,FALSE,FALSE
student839@umich.edu,Name839,2,1,TRUE,FALSE,FALSE,FALSE
student840@umich.edu,Name840,4,4,FALSE,TRUE,FALSE,FALSE
student841@umich.edu,Name841,1,2,FALSE,FALSE,FALSE,FALSE
student842@umich.edu,Name842,4,3,FALSE,FALSE,FALSE,FALSE
student843@umich.edu,Name843,1,1,FALSE,FALSE,FALSE,FALSE
student844@umich.edu,Name844,4,3,FALSE,TRUE,FALSE,FALSE
student845@umich.edu,Name845,1,2,TRUE,FALSE,FALSE,FALSE
student846@umich.edu,Name846,4,4,FALSE,TRUE,FALSE,FALSE
student847@umich.edu,Name847,5,5,FALSE,TRUE,FALSE,FALSE
student848@umich.edu,Name848,3,3,FALSE,TRUE,FALSE,FALSE
student849@umich.edu,Name849,5,4,FALSE,TRUE,FALSE,FALSE
student850@umich.edu,Name850,3,4,FALSE,FALSE,FALSE,FALSE
student851@umich.edu,Name851,3,4,FALSE,FALSE,FALSE,FALSE
student852@umich.edu,Name852,5,4,FALSE,FALSE,TRUE,FALSE
student853@umich.edu,Name853,3,3,FALSE,TRUE,FALSE,FALSE
student854@umich.edu,Name854,4,4,FALSE,TRUE,FALSE,FALSE
student855@umich.edu,Name855,5,3,FALSE,TRUE,FALSE,FALSE
student856@umich.edu,Name856,3,2,FALSE,TRUE,TRUE,FALSE
student857@umich.edu,Name857,3,4,FALSE,TRUE,FALSE,FALSE
student858@umich.edu,Name858,1,3,TRUE,FALSE,TRUE,FALSE
student859@umich.edu,Name859,3,2,FALSE,TRUE,FALSE,FALSE
student860@umich.edu,Name860,4,1,FALSE,FALSE,FALSE,FALSE
student861@umich.edu,Name861,4,4,TRUE,FALSE,FALSE,FALSE
student862@umich.edu,Name862,1,2,FALSE,TRUE,FALSE,FALSE
student863@umich.edu,Name863,2,1,TRUE,TRUE,TRUE,FALSE
student864@umich.edu,Name864,5,5,FALSE,TRUE,FALSE,FALSE
student865@umich.edu,Name865,3,3,TRUE,FALSE,FALSE,FALSE
student866@umich.edu,Name866,3,3,FALSE,FALSE,FALSE,FALSE
student867@umich.edu,Name867,2,4,FALSE,TRUE,FALSE,FALSE
student868@umich.edu,Name868,2,2,TRUE,FALSE,TRUE,FALSE
student869@umich.edu,Name869,2,3,FALSE,FALSE,FALSE,FALSE
student870@umich.edu,Name870,1,3,FALSE,FALSE,FALSE,FALSE
student871@umich.edu,Name871,4,3,FALSE,TRUE,FALSE,FALSE
student872@umich.edu,Name872,5,4,TRUE,TRUE,FALSE,FALSE
student873@umich.edu,Name873,2,3,TRUE,TRUE,FALSE,FALSE
student874@umich.edu,Name874,4,1,FALSE,TRUE,FALSE,FALSE
student875@umich.edu,Name875,1,3,TRUE,TRUE,FALSE,FALSE
student876@umich.edu,Name876,2,2,TRUE,TRUE,TRUE,FALSE
student877@umich.edu,Name877,2,4,FALSE,FALSE,FALSE,FALSE
student878@umich.edu,Name878,2,4,FALSE,TRUE,FALSE,FALSE
student879@umich.edu,Name879,3,4,FALSE,TRUE,FALSE,FALSE
student880@umich.edu,Name880,1,3,FALSE,FALSE,FALSE,FALSE
student881@umich.edu,Name881,2,2,TRUE,FALSE,FALSE,FALSE
student882@umich.edu,Name882,4,4,FALSE,TRUE,FALSE,FALSE
student883@umich.edu,Name883,4,4,TRUE,FALSE,FALSE,FALSE
student884@umich.edu,Name884,3,3,FALSE,TRUE,FALSE,FALSE
student885@umich.edu,Name885,2,2,FALSE,TRUE,TRUE,FALSE
student886@umich.edu,Name886,3,3,FALSE,FALSE,FALSE,FALSE
student887@umich.edu,Name887,2,3,TRUE,FALSE,TRUE,FALSE
student888@umich.edu,Name888,3,3,TRUE,TRUE,FALSE,FALSE
student889@umich.edu,Name889,1,3,FALSE,FALSE,FALSE,FALSE
student890@umich.edu,Name890,2,3,FALSE,TRUE,FALSE,FALSE
student891@umich.edu,Name891,3,2,FALSE,TRUE,FALSE,FALSE
student892@umich.edu,Name892,2,3,FALSE,TRUE,TRUE,FALSE
student893@umich.edu,Name893,1,2,FALSE,FALSE,FALSE,FALSE
student894@umich.edu,Name894,1,3,TRUE,TRUE,FALSE,FALSE
student895@umich.edu,Name895,2,3,FALSE,FALSE,FALSE,FALSE
student896@umich.edu,Name896,4,4,FALSE,TRUE,FALSE,FALSE
student897@umich.edu,Name897,2,3,FALSE,TRUE,FALSE,FALSE
student898@umich.edu,Name898,5,4,FALSE,TRUE,FALSE,FALSE
student899@umich.edu,Name899,4,3,TRUE,TRUE,FALSE,FALSE
student900@umich.edu,Name900,1,3,FALSE,FALSE,FALSE,FALSE
student901@umich.edu,Name901,1,4,FALSE,TRUE,FALSE,FALSE
student902@umich.edu,Name902,3,3,FALSE,TRUE,TRUE,FALSE
student903@umich.edu,Name903,1,1,FALSE,TRUE,FALSE,FALSE
student904@umich.edu,Name904,1,5,FALSE,TRUE,FALSE,FALSE
student905@umich.edu,Name905,1,3,FALSE,FALSE,FALSE,FALSE
student906@umich.edu,Name906,5,3,FALSE,FALSE,FALSE,FALSE
student907@umich.edu,Name907,2,5,FALSE,TRUE,FALSE,FALSE
student908@umich.edu,Name908,3,4,FALSE,TRUE,FALSE,FALSE
student909@umich.edu,Name909,2,3,FALSE,FALSE,FALSE,FALSE
student910@umich.edu,Name910,3,3,FALSE,FALSE,FALSE,FALSE
student911@umich.edu,Name911,3,5,FALSE,TRUE,FALSE,FALSE
student912@umich.edu,Name912,3,4,FALSE,TRUE,FALSE,FALSE
student913@umich.edu,Name913,4,4,FALSE,TRUE,FALSE,FALSE
student914@umich.edu,Name914,2,3,FALSE,TRUE,FALSE,FALSE
student915@umich.edu,Name915,3,3,FALSE,FALSE,FALSE,FALSE
student916@umich.edu,Name916,3,3,FALSE,FALSE,FALSE,FALSE
student917@umich.edu,Name917,3,4,FALSE,TRUE,FALSE,FALSE
student918@umich.edu,Name918,1,2,FALSE,FALSE,FALSE,FALSE
student919@umich.edu,Name919,3,4,FALSE,TRUE,FALSE,FALSE
student920@umich.edu,Name920,3,3,TRUE,FALSE,FALSE,FALSE
student921@umich.edu,Name921,2,1,FALSE,FALSE,FALSE,FALSE
student922@umich.edu,Name922,3,4,FALSE,TRUE,FALSE,FALSE
student923@umich.edu,Name923,3,4,FALSE,TRUE,TRUE,FALSE
student924@umich.edu,Name924,3,3,FALSE,FALSE,FALSE,FALSE
student925@umich.edu,Name925,1,3,FALSE,FALSE,FALSE,FALSE
student926@umich.edu,Name926,5,4,FALSE,TRUE,FALSE,FALSE
student927@umich.edu,Name927,5,5,TRUE,TRUE,FALSE,FALSE
student928@umich.edu,Name928,3,3,TRUE,TRUE,TRUE,FALSE
student929@umich.edu,Name929,3,3,FALSE,FALSE,FALSE,FALSE
student930@umich.edu,Name930,2,2,FALSE,TRUE,FALSE,FALSE
student931@umich.edu,Name931,2,2,FALSE,TRUE,TRUE,FALSE
student932@umich.edu,Name932,5,5,FALSE,TRUE,FALSE,FALSE
student933@umich.edu,Name933,4,4,TRUE,FALSE,TRUE,FALSE
student934@umich.edu,Name934,1,3,FALSE,FALSE,FALSE,FALSE
student935@umich.edu,Name935,1,4,FALSE,TRUE,FALSE,FALSE
student936@umich.edu,Name936,2,2,TRUE,TRUE,TRUE,FALSE
student937@umich.edu,Name937,3,3,TRUE,TRUE,TRUE,FALSE
student938@umich.edu,Name938,5,5,TRUE,TRUE,FALSE,FALSE
student939@umich.edu,Name939,2,1,TRUE,FALSE,TRUE,FALSE
student940@umich.edu,Name940,2,3,TRUE,FALSE,FALSE,FALSE
student941@umich.edu,Name941,3,4,FALSE,TRUE,FALSE,FALSE
student942@umich.edu,Name942,4,3,FALSE,TRUE,FALSE,FALSE
student943@umich.edu,Name943,1,4,FALSE,FALSE,FALSE,FALSE
student944@umich.edu,Name944,2,3,FALSE,TRUE,FALSE,FALSE
student945@umich.edu,Name945,4,3,FALSE,TRUE,FALSE,FALSE
student946@umich.edu,Name946,1,3,TRUE,FALSE,FALSE,FALSE
student947@umich.edu,Name947,1,2,TRUE,FALSE,FALSE,FALSE
student948@umich.edu,Name948,3,3,FALSE,TRUE,FALSE,FALSE
student949@umich.edu,Name949,2,2,FALSE,FALSE,FALSE,FALSE
student950@umich.edu,Name950,5,5,FALSE,TRUE,FALSE,FALSE
student951@umich.edu,Name951,2,4,FALSE,TRUE,FALSE,FALSE
student952@umich.edu,Name952,3,4,FALSE,TRUE,FALSE,FALSE
student953@umich.edu,Name953,1,5,FALSE,FALSE,FALSE,FALSE
student954@umich.edu,Name954,4,4,TRUE,FALSE,FALSE,FALSE
student955@umich.edu,Name955,3,3,FALSE,TRUE,FALSE,FALSE
student956@umich.edu,Name956,2,3,FALSE,TRUE,FALSE,FALSE
student957@umich.edu,Name957,1,2,TRUE,FALSE,FALSE,FALSE
student958@umich.edu,Name958,2,2,TRUE,FALSE,TRUE,FALSE
student959@umich.edu,Name959,3,4,TRUE,TRUE,TRUE,FALSE
student960@umich.edu,Name960,2,1,FALSE,FALSE,FALSE,FALSE
student961@umich.edu,Name961,3,2,TRUE,FALSE,FALSE,FALSE
student962@umich.edu,Name962,2,3,FALSE,FALSE,FALSE,FALSE
student963@umich.edu,Name963,4,4,TRUE,TRUE,FALSE,FALSE
student964@umich.edu,Name964,1,1,FALSE,FALSE,FALSE,FALSE
student965@umich.edu,Name965,4,3,FALSE,TRUE,TRUE,FALSE
student966@umich.edu,Name966,2,3,FALSE,FALSE,FALSE,FALSE
student967@umich.edu,Name967,2,4,FALSE,TRUE,FALSE,FALSE
student968@umich.edu,Name968,3,4,TRUE,TRUE,FALSE,FALSE
student969@umich.edu,Name969,5,4,FALSE,TRUE,FALSE,FALSE
student970@umich.edu,Name970,5,4,FALSE,TRUE,FALSE,FALSE
student971@umich.edu,Name971,1,3,FALSE,FALSE,FALSE,FALSE
student972@umich.edu,Name972,2,3,FALSE,FALSE,FALSE,FALSE
student973@umich.edu,Name973,4,3,FALSE,FALSE,FALSE,FALSE
student974@umich.edu,Name974,4,3,FALSE,TRUE,FALSE,FALSE
student975@umich.edu,Name975,3,3,TRUE,FALSE,FALSE,FALSE
student976@umich.edu,Name976,1,4,FALSE,FALSE,TRUE,FALSE
student977@umich.edu,Name977,3,3,TRUE,TRUE,FALSE,FALSE
student978@umich.edu,Name978,3,4,FALSE,FALSE,FALSE,FALSE
student979@umich.edu,Name979,4,4,FALSE,FALSE,FALSE,FALSE
student980@umich.edu,Name980,2,4,TRUE,FALSE,TRUE,FALSE
student981@umich.edu,Name981,1,2,FALSE,TRUE,TRUE,FALSE
student982@umich.edu,Name982,2,2,TRUE,FALSE,FALSE,FALSE
student983@umich.edu,Name983,4,4,FALSE,TRUE,FALSE,FALSE
student984@umich.edu,Name984,4,4,FALSE,TRUE,FALSE,FALSE
student985@umich.edu,Name985,2,2,FALSE,FALSE,FALSE,FALSE
student986@umich.edu,Name986,1,4,FALSE,FALSE,FALSE,FALSE
student987@umich.edu,Name987,3,5,FALSE,TRUE,FALSE,FALSE
student988@umich.edu,Name988,4,3,FALSE,TRUE,TRUE,FALSE
student989@umich.edu,Name989,3,3,TRUE,TRUE,FALSE,FALSE
student990@umich.edu,Name990,4,3,FALSE,TRUE,FALSE,FALSE
student991@umich.edu,Name991,3,2,TRUE,FALSE,FALSE,FALSE
student992@umich.edu,Name992,4,4,FALSE,TRUE,FALSE,FALSE
student993@umich.edu,Name993,2,2,TRUE,TRUE,TRUE,FALSE
student994@umich.edu,Name994,1,4,FALSE,TRUE,FALSE,FALSE
student995@umich.edu,Name995,3,3,TRUE,FALSE,FALSE,FALSE
student996@umich.edu,Name996,3,3,FALSE,TRUE,TRUE,FALSE
student997@umich.edu,Name997,2,5,FALSE,FALSE,FALSE,FALSE
student998@umich.edu,Name998,4,5,TRUE,FALSE,TRUE,FALSE
student999@umich.edu,Name999,1,5,FALSE,TRUE,FALSE,FALSE
student1000@umich.edu,Name1000,3,3,TRUE,TRUE,FALSE,FALSE
student1001@umich.edu,Name1001,2,2,FALSE,FALSE,FALSE,FALSE
student1002@umich.edu,Name1002,3,3,FALSE,FALSE,TRUE,FALSE
student1003@umich.edu,Name1003,3,3,TRUE,TRUE,FALSE,FALSE
student1004@umich.edu,Name1004,4,3,TRUE,FALSE,FALSE,FALSE
student1005@umich.edu,Name1005,2,3,TRUE,FALSE,FALSE,FALSE
student1006@umich.edu,Name1006,2,4,FALSE,FALSE,TRUE,FALSE
student1007@umich.edu,Name1007,3,4,FALSE,FALSE,TRUE,FALSE
student1008@umich.edu,Name1008,4,4,FALSE,TRUE,FALSE,FALSE
student1009@umich.edu,Name1009,4,4,FALSE,TRUE,FALSE,FALSE
student1010@umich.edu,Name1010,4,2,FALSE,FALSE,TRUE,FALSE
student1011@umich.edu,Name1011,2,3,TRUE,FALSE,TRUE,FALSE
student1012@umich.edu,Name1012,4,4,FALSE,TRUE,FALSE,FALSE
student1013@umich.edu,Name1013,4,3,FALSE,TRUE,FALSE,FALSE
student1014@umich.edu,Name1014,3,3,FALSE,FALSE,FALSE,FALSE
student1015@umich.edu,Name1015,3,2,TRUE,FALSE,FALSE,FALSE
student1016@umich.edu,Name1016,2,3,FALSE,TRUE,FALSE,FALSE
student1017@umich.edu,Name1017,1,2,FALSE,FALSE,FALSE,FALSE
student1018@umich.edu,Name1018,1,3,TRUE,FALSE,FALSE,FALSE
student1019@umich.edu,Name1019,3,3,FALSE,TRUE,FALSE,FALSE
student1020@umich.edu,Name1020,2,2,FALSE,FALSE,FALSE,FALSE
student1021@umich.edu,Name1021,4,3,FALSE,TRUE,FALSE,FALSE
student1022@umich.edu,Name1022,2,1,FALSE,FALSE,FALSE,FALSE
student1023@umich.edu,Name1023,3,4,TRUE,TRUE,FALSE,FALSE
student1024@umich.edu,Name1024,3,3,FALSE,TRUE,FALSE,FALSE
student1025@umich.edu,Name1025,3,3,TRUE,FALSE,TRUE,FALSE
student1026@umich.edu,Name1026,2,3,TRUE,FALSE,FALSE,FALSE
student1027@umich.edu,Name1027,3,3,FALSE,FALSE,FALSE,FALSE
student1028@umich.edu,Name1028,1,1,FALSE,TRUE,FALSE,FALSE
student1029@umich.edu,Name1029,2,2,FALSE,TRUE,FALSE,FALSE
student1030@umich.edu,Name1030,2,2,TRUE,FALSE,TRUE,FALSE
student1031@umich.edu,Name1031,3,2,TRUE,FALSE,FALSE,FALSE
student1032@umich.edu,Name1032,2,3,TRUE,FALSE,FALSE,FALSE
student1033@umich.edu,Name1033,2,5,TRUE,FALSE,FALSE,FALSE
student1034@umich.edu,Name1034,5,5,FALSE,TRUE,FALSE,FALSE
student1035@umich.edu,Name1035,2,3,FALSE,TRUE,FALSE,FALSE
student1036@umich.edu,Name1036,1,2,TRUE,FALSE,FALSE,FALSE
student1037@umich.edu,Name1037,1,4,FALSE,FALSE,FALSE,FALSE
student1038@umich.edu,Name1038,2,3,TRUE,TRUE,FALSE,FALSE
student1039@umich.edu,Name1039,1,3,FALSE,TRUE,TRUE,FALSE
student1040@umich.edu,Name1040,1,2,TRUE,TRUE,FALSE,FALSE
student1041@umich.edu,Name1041,2,4,FALSE,TRUE,FALSE,FALSE
